{"cameraMode":{"drawMode":0,"name":"Shaded","section":"Shading Mode"},"sceneLighting":false,"audioPlay":false,"sceneViewState":{"showFog":false,"showMaterialUpdate":false,"showSkybox":false,"showFlares":false,"showImageEffects":false,"showParticleSystems":false},"in2DMode":false,"pivot":{"x":-0.031285643577575687,"y":2.734107732772827,"z":-0.016144514083862306},"rotation":{"x":-0.1353847086429596,"y":0.6311026811599731,"z":-0.11306692659854889,"w":-0.7554292678833008},"size":6.08791446685791,"orthographic":false}