{"cameraMode":{"drawMode":0,"name":"Shaded","section":"Shading Mode"},"sceneLighting":false,"audioPlay":false,"sceneViewState":{"showFog":false,"showMaterialUpdate":false,"showSkybox":false,"showFlares":false,"showImageEffects":false,"showParticleSystems":false},"in2DMode":false,"pivot":{"x":-8.116676330566407,"y":1.1665141582489014,"z":14.154706954956055},"rotation":{"x":-0.012836087495088578,"y":0.984539270401001,"z":-0.08171512931585312,"w":-0.1545441895723343},"size":1.6751481294631959,"orthographic":false}