{"cameraMode":{"drawMode":0,"name":"Shaded","section":"Shading Mode"},"sceneLighting":true,"audioPlay":false,"sceneViewState":{"showFog":true,"showMaterialUpdate":true,"showSkybox":true,"showFlares":true,"showImageEffects":true,"showParticleSystems":true},"in2DMode":false,"pivot":{"x":-9.464730262756348,"y":-32.4535026550293,"z":-28.547189712524415},"rotation":{"x":0.10143591463565827,"y":-0.8982237577438355,"z":0.2821684777736664,"w":0.32170799374580386},"size":34.8934440612793,"orthographic":false}