{"cameraMode":{"drawMode":0,"name":"Shaded","section":"Shading Mode"},"sceneLighting":false,"audioPlay":false,"sceneViewState":{"showFog":true,"showMaterialUpdate":false,"showSkybox":false,"showFlares":true,"showImageEffects":true,"showParticleSystems":true},"in2DMode":false,"pivot":{"x":-1.7443698644638062,"y":0.5099942684173584,"z":-21.119998931884767},"rotation":{"x":0.00011381039803382009,"y":0.9976357817649841,"z":0.0005960094276815653,"w":-0.06982646882534027},"size":5.517867088317871,"orthographic":false}