{"cameraMode":{"drawMode":0,"name":"Shaded","section":"Shading Mode"},"sceneLighting":false,"audioPlay":false,"sceneViewState":{"showFog":true,"showMaterialUpdate":false,"showSkybox":false,"showFlares":true,"showImageEffects":true,"showParticleSystems":true},"in2DMode":false,"pivot":{"x":-4.76837158203125e-7,"y":0.8750001788139343,"z":0.0},"rotation":{"x":-0.022034471854567529,"y":-0.33693522214889529,"z":0.007880530320107937,"w":-0.9413377046585083},"size":1.1792480945587159,"orthographic":false}