{"cameraMode":{"drawMode":0,"name":"Shaded","section":"Shading Mode"},"sceneLighting":false,"audioPlay":false,"sceneViewState":{"showFog":false,"showMaterialUpdate":false,"showSkybox":false,"showFlares":false,"showImageEffects":false,"showParticleSystems":false},"in2DMode":false,"pivot":{"x":1.3750066757202149,"y":2.625732898712158,"z":-0.0161440372467041},"rotation":{"x":-0.1353847086429596,"y":0.6311026811599731,"z":-0.11306692659854889,"w":-0.7554292678833008},"size":5.471160411834717,"orthographic":false}