{"cameraMode":{"drawMode":0,"name":"Shaded","section":"Shading Mode"},"sceneLighting":false,"audioPlay":false,"sceneViewState":{"showFog":true,"showMaterialUpdate":true,"showSkybox":false,"showFlares":true,"showImageEffects":true,"showParticleSystems":true},"in2DMode":false,"pivot":{"x":0.014277458190917969,"y":0.039215996861457828,"z":0.0003819987177848816},"rotation":{"x":0.02731814980506897,"y":0.227080836892128,"z":-0.0058447676710784439,"w":0.9736796617507935},"size":0.7697892785072327,"orthographic":false}