{"cameraMode":{"drawMode":0,"name":"Shaded","section":"Shading Mode"},"sceneLighting":false,"audioPlay":false,"sceneViewState":{"showFog":true,"showMaterialUpdate":true,"showSkybox":false,"showFlares":true,"showImageEffects":true,"showParticleSystems":true},"in2DMode":false,"pivot":{"x":-0.01562488079071045,"y":2.0,"z":1.656248927116394},"rotation":{"x":0.11224634200334549,"y":0.018434658646583558,"z":-0.002097322139889002,"w":0.9935296773910523},"size":3.97959303855896,"orthographic":false}